{"status":"ok","totalResults":10,"articles":[{"source":{"id":"bbc-news","name":"BBC News"},"author":"BBC News","title":"Alexei Navalny: Russian opposition leader found, says team","description":"Mr Navalny's team had no contact with him for weeks and he failed to appear at several court hearings.","url":"https://www.bbc.co.uk/news/world-europe-67820068","urlToImage":"https://ichef.bbci.co.uk/news/1024/branded_news/8D12/production/_132141163_c18cff30cc99690e0516ddc8dc291dee35933017.jpg","publishedAt":"2023-12-26T08:22:21.6578386Z","content":"Kremlin critic Alexei Navalny is alive and being held in a penal colony in Siberia, according to his spokeswoman.\r\n\"We found Alexei Navalny,\" Kira Yarmysh said on 25 December, adding that he was now … [+1860 chars]"},{"source":{"id":"bbc-news","name":"BBC News"},"author":"BBC News","title":"Eurovision to Indiana Jones: 15 flops and fails in culture in 2023","description":"From Eurovision failure to box office bombs, these moments were among the year's most unfortunate.","url":"https://www.bbc.co.uk/news/entertainment-arts-64315561","urlToImage":"https://ichef.bbci.co.uk/news/1024/branded_news/14A09/production/_132098448_indgettyimages-1491467124-1.jpg","publishedAt":"2023-12-26T08:22:21.2204475Z","content":"Celebrities provide a vital public service throughout the year by keeping us all entertained - even if it isn't always on purpose. \r\nIn a world where the news is so often depressing, here's a light-h… [+10854 chars]"},{"source":{"id":"bbc-news","name":"BBC News"},"author":"BBC News","title":"Hanif Kureishi: I've become a reluctant dictator","description":"The novelist on how his sudden paralysis has affected his relationships and writing, one year on.","url":"https://www.bbc.co.uk/news/entertainment-arts-67787423","urlToImage":"https://ichef.bbci.co.uk/news/1024/branded_news/140BF/production/_132111128_hanif1.jpg","publishedAt":"2023-12-26T08:22:20.0176241Z","content":"Novelist Hanif Kureishi sustained life-changing injuries when he collapsed and landed on his head on Boxing Day last year.\r\nLeft without the use of his arms and legs, the award-winning writer of The … [+8589 chars]"},{"source":{"id":"bbc-news","name":"BBC News"},"author":"BBC News","title":"Russia confirms damage to warship in Black Sea","description":"Russia confirms damage to warship after Ukraine's air force says it destroyed a landing ship in a Crimean port.","url":"https://www.bbc.co.uk/news/world-europe-67821515","urlToImage":"https://ichef.bbci.co.uk/news/1024/branded_news/83B3/production/_115651733_breaking-large-promo-nc.png","publishedAt":"2023-12-26T07:07:13.2985879Z","content":"Russia confirms damage to warship after Ukraine's air force said it had destroyed a landing ship in the Black Sea"},{"source":{"id":"bbc-news","name":"BBC News"},"author":"BBC News","title":"Afghan couples marry in mass ceremony in bid to cut costs","description":"Such wedding ceremonies are becoming more common as couples seek to save money.","url":"https://www.bbc.co.uk/news/world-asia-67821162","urlToImage":"https://ichef.bbci.co.uk/news/1024/branded_news/220A/production/_132141780_gettyimages-1874642533.jpg","publishedAt":"2023-12-26T04:52:14.3134995Z","content":"A mass wedding ceremony involving 50 couples has been held in Afghanistan.\r\nSuch ceremonies have become more common as low-income couples seek to avoid the high costs of a traditional wedding. \r\nThe … [+1170 chars]"},{"source":{"id":"bbc-news","name":"BBC News"},"author":"BBC News","title":"Bodies of five people found in flat in Paris suburb of Meaux","description":"Prosecutors launch a homicide investigation into the five deaths in the small town of Meaux.","url":"https://www.bbc.co.uk/news/world-europe-67821163","urlToImage":"https://ichef.bbci.co.uk/news/1024/branded_news/1288A/production/_132141957_gettyimages-1186596514.jpg","publishedAt":"2023-12-26T02:52:13.391505Z","content":"Prosecutors in France have launched a homicide investigation after five bodies were found in a town north-east of Paris.\r\nAccording to local media reports, the victims are a woman and her four young … [+491 chars]"},{"source":{"id":"bbc-news","name":"BBC News"},"author":"BBC News","title":"Ukraine denies Russian capture of key town near Donetsk","description":"The completely destroyed town of Mariinka is seen as a gateway to the Russian-held city of Donetsk.","url":"https://www.bbc.co.uk/news/world-europe-67820916","urlToImage":"https://ichef.bbci.co.uk/news/1024/branded_news/60EE/production/_132141842_soldiersap.jpg","publishedAt":"2023-12-26T01:52:13.3137635Z","content":"Russian Defence Minister Sergei Shoigu has said his troops have seized the key town of Mariinka in eastern Ukraine - a claim immediately denied by Kyiv.\r\nMr Shoigu told President Vladimir Putin assau… [+2829 chars]"},{"source":{"id":"bbc-news","name":"BBC News"},"author":"BBC News","title":"Queen Camilla hosts Windsor Castle afternoon tea for girl with brain tumour","description":"Olivia Taylor from south-east London has a brain tumour which has left her blind in one eye","url":"https://www.bbc.co.uk/news/uk-67820876","urlToImage":"https://ichef.bbci.co.uk/news/1024/branded_news/11FF2/production/_132141737_screenshot2023-12-25225918.png","publishedAt":"2023-12-26T01:37:12.859908Z","content":"A little girl who has spent most of her life on chemotherapy was invited to Windsor Castle for tea with the Queen.\r\nOlivia Taylor has a brain tumour which has left her blind but she leapt up to say \"… [+1662 chars]"},{"source":{"id":"bbc-news","name":"BBC News"},"author":"BBC News","title":"Israel Gaza war: UN says no let-up in Israeli air strikes in Gaza","description":"A UN official speaks of \"absolute carnage\" after visiting a hospital with many injured in central Gaza.","url":"https://www.bbc.co.uk/news/world-middle-east-67820866","urlToImage":"https://ichef.bbci.co.uk/news/1024/branded_news/127C2/production/_132141757_gaza_getty.jpg","publishedAt":"2023-12-25T23:52:12.0415833Z","content":"There is no let-up in Israeli air strikes in Gaza, a UN official has told the BBC, after visiting a hospital struggling to treat the injured.\r\nGemma Connell of the UN humanitarian agency OCHA told th… [+3450 chars]"},{"source":{"id":"bbc-news","name":"BBC News"},"author":"BBC News","title":"Plane held over trafficking fears leaves France","description":"The plane, carrying about 300 Indian nationals, had been grounded over suspected human trafficking.","url":"https://www.bbc.co.uk/news/world-europe-67820072","urlToImage":"https://ichef.bbci.co.uk/news/1024/branded_news/15062/production/_132141168_gettyimages-1874407596.jpg","publishedAt":"2023-12-25T15:37:18.5442677Z","content":"A plane carrying about 275 Indian nationals who were held for four days at an airport in France has taken off.\r\nThe chartered Airbus A340 had been grounded since Thursday over suspicions of human tra… [+1239 chars]"}]}